"SnpName","Positive","Test"
"L21","False","Deep Clade-R"
"M153","False","Deep Clade-R"
"M222","False","Deep Clade-R"
"M37","False","Deep Clade-R"
"M65","False","Deep Clade-R"
"P312","True","Deep Clade-R"
"P66","False","Deep Clade-R"
"SRY2627","False","Deep Clade-R"
"U152","False","Deep Clade-R"
"L150","True","R-L23"
"L176","False","R-L23"
"L216","False","R-L23"
"L10","False","R-P312"
"L147","False","R-P312"
"L194","False","R-P312"
"L220","False","R-P312"
"L221","False","R-P312"
"L61","False","R-P312"
"L7","False","R-P312"
"L8","False","R-P312"
"L86","False","R-P312"
"L9","False","R-P312"
"L95","False","R-P312"
"Z196","False","Z196"
"DF19","False","DF19"
"DF27","True","DF27"
"L1245","True","L1245"
"L1246","True","L1246"
"A11891","True","Big Y-500"
"A18962","True","Big Y-500"
"BY193298","True","Big Y-500"
"BY193356","True","Big Y-500"
"BY193415","True","Big Y-500"
"BY193417","True","Big Y-500"
"BY193962","True","Big Y-500"
"BY195160","True","Big Y-500"
"BY195467","True","Big Y-500"
"BY195666","True","Big Y-500"
"BY195916","True","Big Y-500"
"BY195934","True","Big Y-500"
"BY195982","True","Big Y-500"
"BY196157","True","Big Y-500"
"BY196229","True","Big Y-500"
"BY196233","True","Big Y-500"
"BY196545","True","Big Y-500"
"BY196691","True","Big Y-500"
"BY27786","True","Big Y-500"
"CTS10834","True","Big Y-500"
"CTS11985","True","Big Y-500"
"CTS12478","True","Big Y-500"
"CTS12632","True","Big Y-500"
"CTS2664","True","Big Y-500"
"CTS3063","True","Big Y-500"
"CTS3358","True","Big Y-500"
"CTS3536","True","Big Y-500"
"CTS3575","True","Big Y-500"
"CTS3654","True","Big Y-500"
"CTS3868","True","Big Y-500"
"CTS3996","True","Big Y-500"
"CTS4244","True","Big Y-500"
"CTS4368","True","Big Y-500"
"CTS4437","True","Big Y-500"
"CTS4443","True","Big Y-500"
"CTS5884","True","Big Y-500"
"CTS6135","True","Big Y-500"
"CTS623","True","Big Y-500"
"CTS7650","True","Big Y-500"
"F115","True","Big Y-500"
"F1209","True","Big Y-500"
"F1329","True","Big Y-500"
"F1704","True","Big Y-500"
"F1714","True","Big Y-500"
"F1753","True","Big Y-500"
"F1767","True","Big Y-500"
"F2048","True","Big Y-500"
"F2142","True","Big Y-500"
"F2155","True","Big Y-500"
"F2402","True","Big Y-500"
"F2587","True","Big Y-500"
"F2688","True","Big Y-500"
"F2837","True","Big Y-500"
"F2985","True","Big Y-500"
"F3111","True","Big Y-500"
"F313","True","Big Y-500"
"F3136","True","Big Y-500"
"F3335","True","Big Y-500"
"F3556","True","Big Y-500"
"F3692","True","Big Y-500"
"F47","True","Big Y-500"
"F719","True","Big Y-500"
"F82","True","Big Y-500"
"L1090","True","Big Y-500"
"L11","True","Big Y-500"
"L132","True","Big Y-500"
"L136","True","Big Y-500"
"L15","True","Big Y-500"
"L150","True","Big Y-500"
"L151","True","Big Y-500"
"L16","True","Big Y-500"
"L23","True","Big Y-500"
"L265","True","Big Y-500"
"L278","True","Big Y-500"
"L350","True","Big Y-500"
"L388","True","Big Y-500"
"L389","True","Big Y-500"
"L407","True","Big Y-500"
"L468","True","Big Y-500"
"L470","True","Big Y-500"
"L471","True","Big Y-500"
"L478","True","Big Y-500"
"L482","True","Big Y-500"
"L483","True","Big Y-500"
"L498","True","Big Y-500"
"L500","True","Big Y-500"
"L502","True","Big Y-500"
"L506","True","Big Y-500"
"L51","True","Big Y-500"
"L52","True","Big Y-500"
"L585","True","Big Y-500"
"L747","True","Big Y-500"
"L752","True","Big Y-500"
"L754","True","Big Y-500"
"L761","True","Big Y-500"
"L768","True","Big Y-500"
"L773","True","Big Y-500"
"L774","True","Big Y-500"
"L779","True","Big Y-500"
"L82","True","Big Y-500"
"M168","True","Big Y-500"
"M173","True","Big Y-500"
"M207","True","Big Y-500"
"M213","True","Big Y-500"
"M235","True","Big Y-500"
"M269","True","Big Y-500"
"M294","True","Big Y-500"
"M299","True","Big Y-500"
"M306","True","Big Y-500"
"M343","True","Big Y-500"
"M415","True","Big Y-500"
"M42","True","Big Y-500"
"M45","True","Big Y-500"
"M526","True","Big Y-500"
"M74","True","Big Y-500"
"M89","True","Big Y-500"
"M9","True","Big Y-500"
"M94","True","Big Y-500"
"P128","True","Big Y-500"
"P131","True","Big Y-500"
"P132","True","Big Y-500"
"P133","True","Big Y-500"
"P134","True","Big Y-500"
"P135","True","Big Y-500"
"P136","True","Big Y-500"
"P138","True","Big Y-500"
"P139","True","Big Y-500"
"P14","True","Big Y-500"
"P140","True","Big Y-500"
"P141","True","Big Y-500"
"P143","True","Big Y-500"
"P145","True","Big Y-500"
"P146","True","Big Y-500"
"P148","True","Big Y-500"
"P149","True","Big Y-500"
"P151","True","Big Y-500"
"P157","True","Big Y-500"
"P158","True","Big Y-500"
"P159","True","Big Y-500"
"P160","True","Big Y-500"
"P161","True","Big Y-500"
"P163","True","Big Y-500"
"P166","True","Big Y-500"
"P187","True","Big Y-500"
"P207","True","Big Y-500"
"P224","True","Big Y-500"
"P225","True","Big Y-500"
"P226","True","Big Y-500"
"P228","True","Big Y-500"
"P229","True","Big Y-500"
"P230","True","Big Y-500"
"P231","True","Big Y-500"
"P232","True","Big Y-500"
"P233","True","Big Y-500"
"P234","True","Big Y-500"
"P235","True","Big Y-500"
"P236","True","Big Y-500"
"P237","True","Big Y-500"
"P238","True","Big Y-500"
"P239","True","Big Y-500"
"P242","True","Big Y-500"
"P243","True","Big Y-500"
"P244","True","Big Y-500"
"P245","True","Big Y-500"
"P280","True","Big Y-500"
"P281","True","Big Y-500"
"P282","True","Big Y-500"
"P283","True","Big Y-500"
"P284","True","Big Y-500"
"P285","True","Big Y-500"
"P286","True","Big Y-500"
"P294","True","Big Y-500"
"P295","True","Big Y-500"
"P297","True","Big Y-500"
"P310","True","Big Y-500"
"P311","True","Big Y-500"
"P312","True","Big Y-500"
"P316","True","Big Y-500"
"PAGES00026","True","Big Y-500"
"PAGES00081","True","Big Y-500"
"PAGES00083","True","Big Y-500"
"PF2591","True","Big Y-500"
"PF2608","True","Big Y-500"
"PF2611","True","Big Y-500"
"PF2615","True","Big Y-500"
"PF2643","True","Big Y-500"
"PF2745","True","Big Y-500"
"PF2747","True","Big Y-500"
"PF2748","True","Big Y-500"
"PF2749","True","Big Y-500"
"PF2770","True","Big Y-500"
"PF3561","True","Big Y-500"
"PF5471","True","Big Y-500"
"PF5869","True","Big Y-500"
"PF5871","True","Big Y-500"
"PF5882","True","Big Y-500"
"PF5886","True","Big Y-500"
"PF5888","True","Big Y-500"
"PF5936","True","Big Y-500"
"PF5953","True","Big Y-500"
"PF5956","True","Big Y-500"
"PF5957","True","Big Y-500"
"PF5964","True","Big Y-500"
"PF5965","True","Big Y-500"
"PF5982","True","Big Y-500"
"PF6246","True","Big Y-500"
"PF6249","True","Big Y-500"
"PF6250","True","Big Y-500"
"PF6263","True","Big Y-500"
"PF6270","True","Big Y-500"
"PF6271","True","Big Y-500"
"PF6272","True","Big Y-500"
"PF6409","True","Big Y-500"
"PF6425","True","Big Y-500"
"PF6430","True","Big Y-500"
"PF6432","True","Big Y-500"
"PF6434","True","Big Y-500"
"PF6438","True","Big Y-500"
"PF6443","True","Big Y-500"
"PF6463","True","Big Y-500"
"PF6464","True","Big Y-500"
"PF6469","True","Big Y-500"
"PF6470","True","Big Y-500"
"PF6477","True","Big Y-500"
"PF6479","True","Big Y-500"
"PF6494","True","Big Y-500"
"PF6495","True","Big Y-500"
"PF6498","True","Big Y-500"
"PF6500","True","Big Y-500"
"PF6506","True","Big Y-500"
"PF6507","True","Big Y-500"
"PF6509","True","Big Y-500"
"PF6520","True","Big Y-500"
"PF6524","True","Big Y-500"
"PH2729","True","Big Y-500"
"S1249","True","Big Y-500"
"S1250","True","Big Y-500"
"S1261","True","Big Y-500"
"S1262","True","Big Y-500"
"S1271","True","Big Y-500"
"S2617","True","Big Y-500"
"s3","True","Big Y-500"
"V168","True","Big Y-500"
"V186","True","Big Y-500"
"V189","True","Big Y-500"
"V205","True","Big Y-500"
"V221","True","Big Y-500"
"V241","True","Big Y-500"
"V250","True","Big Y-500"
"V52","True","Big Y-500"
"V9","True","Big Y-500"
"Y23055","True","Big Y-500"
"Y23056","True","Big Y-500"
"Y4922","True","Big Y-500"
"YSC0000075","True","Big Y-500"
"YSC0000082","True","Big Y-500"
"YSC0000186","True","Big Y-500"
"YSC0000191","True","Big Y-500"
"YSC0000224","True","Big Y-500"
"YSC0000225","True","Big Y-500"
"YSC0000269","True","Big Y-500"
"YSC0000288","True","Big Y-500"
"Z2065","True","Big Y-500"
